511,AAPSA.jpg
511,BidirectionalAnalysis.jpg
511,BidirectionalAnalysisandVoting.jpg
511,FC-FlowNet.jpg
511,LaBGen-P.jpg
511,LaBGen.jpg
511,MAGRPCA.jpg
511,MedianFiltering.jpg
511,Photomontage.jpg
511,RMR.jpg
511,RSL2011.jpg
511,SC-SOBS-C4.jpg
511,STC-LRM.jpg
511,TMFG.jpg
AVSS2007,AAPSA.jpg
AVSS2007,BidirectionalAnalysis.jpg
AVSS2007,BidirectionalAnalysisandVoting.jpg
AVSS2007,FC-FlowNet.jpg
AVSS2007,LaBGen-P.jpg
AVSS2007,LaBGen.jpg
AVSS2007,MAGRPCA.jpg
AVSS2007,MedianFiltering.jpg
AVSS2007,Photomontage.jpg
AVSS2007,RMR.jpg
AVSS2007,RSL2011.jpg
AVSS2007,SC-SOBS-C4.jpg
AVSS2007,STC-LRM.jpg
AVSS2007,TMFG.jpg
Blurred,AAPSA.jpg
Blurred,BidirectionalAnalysis.jpg
Blurred,BidirectionalAnalysisandVoting.jpg
Blurred,FC-FlowNet.jpg
Blurred,LaBGen-P.jpg
Blurred,LaBGen.jpg
Blurred,MAGRPCA.jpg
Blurred,MedianFiltering.jpg
Blurred,Photomontage.jpg
Blurred,RMR.jpg
Blurred,RSL2011.jpg
Blurred,SC-SOBS-C4.jpg
Blurred,STC-LRM.jpg
Blurred,TMFG.jpg
Board,AAPSA.jpg
Board,BidirectionalAnalysis.jpg
Board,BidirectionalAnalysisandVoting.jpg
Board,FC-FlowNet.jpg
Board,LaBGen-P.jpg
Board,LaBGen.jpg
Board,MAGRPCA.jpg
Board,MedianFiltering.jpg
Board,Photomontage.jpg
Board,RMR.jpg
Board,RSL2011.jpg
Board,SC-SOBS-C4.jpg
Board,STC-LRM.jpg
Board,TMFG.jpg
BusStopMorning,AAPSA.jpg
BusStopMorning,BidirectionalAnalysis.jpg
BusStopMorning,BidirectionalAnalysisandVoting.jpg
BusStopMorning,FC-FlowNet.jpg
BusStopMorning,LaBGen-P.jpg
BusStopMorning,LaBGen.jpg
BusStopMorning,MAGRPCA.jpg
BusStopMorning,MedianFiltering.jpg
BusStopMorning,Photomontage.jpg
BusStopMorning,RMR.jpg
BusStopMorning,RSL2011.jpg
BusStopMorning,SC-SOBS-C4.jpg
BusStopMorning,STC-LRM.jpg
BusStopMorning,TMFG.jpg
CUHK_Square,AAPSA.jpg
CUHK_Square,BidirectionalAnalysis.jpg
CUHK_Square,BidirectionalAnalysisandVoting.jpg
CUHK_Square,FC-FlowNet.jpg
CUHK_Square,LaBGen-P.jpg
CUHK_Square,LaBGen.jpg
CUHK_Square,MAGRPCA.jpg
CUHK_Square,MedianFiltering.jpg
CUHK_Square,Photomontage.jpg
CUHK_Square,RMR.jpg
CUHK_Square,RSL2011.jpg
CUHK_Square,SC-SOBS-C4.jpg
CUHK_Square,STC-LRM.jpg
CUHK_Square,TMFG.jpg
CameraParameter1,BidirectionalAnalysis.jpg
CameraParameter1,BidirectionalAnalysisandVoting.jpg
CameraParameter1,FC-FlowNet.jpg
CameraParameter1,LaBGen-P.jpg
CameraParameter1,LaBGen.jpg
CameraParameter1,MAGRPCA.jpg
CameraParameter1,MedianFiltering.jpg
CameraParameter1,Photomontage.jpg
CameraParameter1,RMR.jpg
CameraParameter1,RSL2011.jpg
CameraParameter1,STC-LRM.jpg
CameraParameter2,AAPSA.jpg
CameraParameter2,SC-SOBS-C4.jpg
CameraParameter2,TMFG.jpg
DynamicBackground,AAPSA.jpg
DynamicBackground,BidirectionalAnalysis.jpg
DynamicBackground,BidirectionalAnalysisandVoting.jpg
DynamicBackground,FC-FlowNet.jpg
DynamicBackground,LaBGen-P.jpg
DynamicBackground,LaBGen.jpg
DynamicBackground,MAGRPCA.jpg
DynamicBackground,MedianFiltering.jpg
DynamicBackground,Photomontage.jpg
DynamicBackground,RMR.jpg
DynamicBackground,RSL2011.jpg
DynamicBackground,SC-SOBS-C4.jpg
DynamicBackground,STC-LRM.jpg
DynamicBackground,TMFG.jpg
advertisementBoard2,BidirectionalAnalysisandVoting.jpg
advertisementBoard2,LaBGen.jpg
advertisementBoard2,RMR.jpg
advertisementBoard3,AAPSA.jpg
advertisementBoard3,FC-FlowNet.jpg
advertisementBoard3,MAGRPCA.jpg
advertisementBoard3,MedianFiltering.jpg
advertisementBoard3,SC-SOBS-C4.jpg
advertisementBoard3,STC-LRM.jpg
advertisementBoard3,TMFG.jpg
advertisementBoard4,Photomontage.jpg
advertisementBoard5,BidirectionalAnalysis.jpg
advertisementBoard6,LaBGen-P.jpg
advertisementBoard6,RSL2011.jpg
badminton,AAPSA.jpg
badminton,BidirectionalAnalysis.jpg
badminton,BidirectionalAnalysisandVoting.jpg
badminton,FC-FlowNet.jpg
badminton,LaBGen-P.jpg
badminton,LaBGen.jpg
badminton,MAGRPCA.jpg
badminton,MedianFiltering.jpg
badminton,Photomontage.jpg
badminton,RMR.jpg
badminton,RSL2011.jpg
badminton,SC-SOBS-C4.jpg
badminton,STC-LRM.jpg
badminton,TMFG.jpg
boulevard,AAPSA.jpg
boulevard,BidirectionalAnalysis.jpg
boulevard,BidirectionalAnalysisandVoting.jpg
boulevard,FC-FlowNet.jpg
boulevard,LaBGen-P.jpg
boulevard,LaBGen.jpg
boulevard,MAGRPCA.jpg
boulevard,MedianFiltering.jpg
boulevard,Photomontage.jpg
boulevard,RMR.jpg
boulevard,RSL2011.jpg
boulevard,SC-SOBS-C4.jpg
boulevard,STC-LRM.jpg
boulevard,TMFG.jpg
boulevardJam,AAPSA.jpg
boulevardJam,BidirectionalAnalysis.jpg
boulevardJam,BidirectionalAnalysisandVoting.jpg
boulevardJam,FC-FlowNet.jpg
boulevardJam,LaBGen-P.jpg
boulevardJam,LaBGen.jpg
boulevardJam,MAGRPCA.jpg
boulevardJam,MedianFiltering.jpg
boulevardJam,Photomontage.jpg
boulevardJam,RMR.jpg
boulevardJam,RSL2011.jpg
boulevardJam,SC-SOBS-C4.jpg
boulevardJam,STC-LRM.jpg
boulevardJam,TMFG.jpg
busStation,AAPSA.jpg
busStation,BidirectionalAnalysis.jpg
busStation,BidirectionalAnalysisandVoting.jpg
busStation,FC-FlowNet.jpg
busStation,LaBGen-P.jpg
busStation,LaBGen.jpg
busStation,MAGRPCA.jpg
busStation,MedianFiltering.jpg
busStation,Photomontage.jpg
busStation,RMR.jpg
busStation,RSL2011.jpg
busStation,SC-SOBS-C4.jpg
busStation,STC-LRM.jpg
busStation,TMFG.jpg
