Building,BkgEstimator.jpg
Building,Bootstrapping_16.jpg
Building,Bootstrapping_32.jpg
Building,Bootstrapping_8.jpg
Building,ColorGradSSD_16.jpg
Building,ColorGradSSD_32.jpg
Building,ColorGradSSD_8.jpg
Building,Cormac.jpg
Building,MRF_Building.jpg
Building,Mean.jpg
Building,Median.jpg
Building,MultiLayer_Building.jpg
Building,PBI_16.jpg
Building,PBI_32.jpg
Building,PBI_8.jpg
Building,Photomontage.jpg
Building,SOBS_Building.jpg
Building,spatio-temporal.jpg
Cars,BkgEstimator.jpg
Cars,Bootstrapping_16.jpg
Cars,Bootstrapping_32.jpg
Cars,Bootstrapping_8.jpg
Cars,ColorGradSSD_16.jpg
Cars,ColorGradSSD_32.jpg
Cars,ColorGradSSD_8.jpg
Cars,Cormac.jpg
Cars,MRF_Cars.jpg
Cars,Mean.jpg
Cars,Median.jpg
Cars,MultiLayer_Cars.jpg
Cars,PBI_16.jpg
Cars,PBI_32.jpg
Cars,PBI_8.jpg
Cars,Photomontage.jpg
Cars,SOBS_Cars.jpg
Cars,spatio-temporal.jpg
Escalator,BkgEstimator_Escalator.jpg
Escalator,Bootstrapping_16.jpg
Escalator,Bootstrapping_32.jpg
Escalator,Bootstrapping_8.jpg
Escalator,ColorGradSSD_16.jpg
Escalator,ColorGradSSD_32.jpg
Escalator,ColorGradSSD_8.jpg
Escalator,Cormac.jpg
Escalator,MRF_Escalator.jpg
Escalator,Mean.jpg
Escalator,Median.jpg
Escalator,MultiLayer_Escalator.jpg
Escalator,PBI_16.jpg
Escalator,PBI_32.jpg
Escalator,PBI_8.jpg
Escalator,Photomontage.jpg
Escalator,SOBS_Escalator.jpg
Escalator,spatio-temporal.jpg
Hall,BkgEstimator_Hall.jpg
Hall,Bootstrapping_16.jpg
Hall,Bootstrapping_32.jpg
Hall,Bootstrapping_8.jpg
Hall,ColorGradSSD_16.jpg
Hall,ColorGradSSD_32.jpg
Hall,ColorGradSSD_8.jpg
Hall,Cormac.jpg
Hall,MRF_Hall.jpg
Hall,Mean.jpg
Hall,Median.jpg
Hall,MultiLayer_Hall.jpg
Hall,PBI_16.jpg
Hall,PBI_32.jpg
Hall,PBI_8.jpg
Hall,Photomontage.jpg
Hall,SOBS_Hall.jpg
Hall,spatio-temporal.jpg
Illumination,Bootstrapping_16.jpg
Illumination,Bootstrapping_32.jpg
Illumination,Bootstrapping_8.jpg
Illumination,ColorGradSSD_16.jpg
Illumination,ColorGradSSD_32.jpg
Illumination,ColorGradSSD_8.jpg
Illumination,Cormac.jpg
Illumination,MRF_Illumination.jpg
Illumination,Mean.jpg
Illumination,Median.jpg
Illumination,MultiLayer_Illumination.jpg
Illumination,PBI_16.jpg
Illumination,PBI_32.jpg
Illumination,PBI_8.jpg
Illumination,Photomontage.jpg
Illumination,SOBS_Illumination.jpg
Illumination,bkgEstimator.jpg
Illumination,spatio-temporal.jpg
TreePeople,BkgEstimator_TreePeople.jpg
TreePeople,Bootstrapping_16.jpg
TreePeople,Bootstrapping_32.jpg
TreePeople,Bootstrapping_8.jpg
TreePeople,ColorGradSSD_16.jpg
TreePeople,ColorGradSSD_32.jpg
TreePeople,ColorGradSSD_8.jpg
TreePeople,Cormac.jpg
TreePeople,MRF_TreePeople.jpg
TreePeople,Mean.jpg
TreePeople,Median.jpg
TreePeople,MultiLayer_TreePeople.jpg
TreePeople,PBI_16.jpg
TreePeople,PBI_32.jpg
TreePeople,PBI_8.jpg
TreePeople,Photomontage.jpg
TreePeople,SOBS_TreePeople.jpg
TreePeople,spatio-temporal.jpg
Wall,BkgEstimator_Wall.jpg
Wall,Bootstrapping_16.jpg
Wall,Bootstrapping_32.jpg
Wall,Bootstrapping_8.jpg
Wall,ColorGradSSD_16.jpg
Wall,ColorGradSSD_32.jpg
Wall,ColorGradSSD_8.jpg
Wall,Cormac.jpg
Wall,MRF_Wall.jpg
Wall,Mean.jpg
Wall,Median.jpg
Wall,MultiLayer_Wall.jpg
Wall,PBI_16.jpg
Wall,PBI_32.jpg
Wall,PBI_8.jpg
Wall,Photomontage.jpg
Wall,SOBS_Wall.jpg
Wall,spatio-temporal.jpg
WaterFountain,BkgEstimator_WaterFountain.jpg
WaterFountain,Bootstrapping_16.jpg
WaterFountain,Bootstrapping_32.jpg
WaterFountain,Bootstrapping_8.jpg
WaterFountain,ColorGradSSD_16.jpg
WaterFountain,ColorGradSSD_32.jpg
WaterFountain,ColorGradSSD_8.jpg
WaterFountain,Cormac.jpg
WaterFountain,MRF_WaterFountain.jpg
WaterFountain,Mean.jpg
WaterFountain,Median.jpg
WaterFountain,MultiLayer_WaterFountain.jpg
WaterFountain,PBI_16.jpg
WaterFountain,PBI_32.jpg
WaterFountain,PBI_8.jpg
WaterFountain,Photomontage.jpg
WaterFountain,SOBS_WaterFountain.jpg
WaterFountain,spatio-temporal.jpg
